{
    "weights": [
        [
            -4648.071340521567
        ]
    ],
    "bias": 8005.211925740943,
    "x_min": [
        22899.0
    ],
    "x_max": [
        240000.0
    ]
}